,,,,,,,,,,
,,,BOM  (Bill of Materials) Makers Asylum TheThing+AF8-Addon,,,,,,,
,,,,,,,,,,
,,,,,,,,,,
,,,,,,,,,,
Item +ACM-,+ACo-Designator,+ACo-Qty,Manufacturer,+ACo-Mfg Part +ACM-,Description / Value,+ACo-Package/Footprint ,Type,Your Instructions / Notes,Datasheet,Digikey Link
1,BZ1,1,Soberton Inc.,WT+AC0-1205,+ACI-Buzzers Transducer, Externally Driven Magnetic 5 V 50mA 2.4kHz 87dB +AEA- 5V, 10cm Through Hole PC Pins+ACI-,Dia 12 mmx 6.5mm pitch,thru+AC0-hole,,https://www.soberton.com/wp+AC0-content/uploads/2019/02/WT+AC0-1205+AC0-16+AC0-Feb+AC0-2019.pdf ,https://www.digikey.com/en/products/detail/soberton+AC0-inc/WT+AC0-1205/479674 
2,C1,1,Vishay Beyschlag/Draloric/BC Components,K104K15X7RF5TL2,CAP CER 0.1UF 50V X7R RADIAL,+ACI-dia 4.0mm, pitch 2.50mm+ACI-,thru+AC0-hole,,https://www.vishay.com/docs/45171/kseries.pdf ,https://www.digikey.com/en/products/detail/vishay+AC0-beyschlag+AC0-draloric+AC0-bc+AC0-components/K104K15X7RF5TL2/286538 
3,D2,1,Micro Commercial Co,1N5819+AC0-TP,Diode 40 V 1A Through Hole DO+AC0-41,+ACI-DO+AC0-41, pitch 10.16 mm+ACI-,thru+AC0-hole,,https://www.mccsemi.com/pdf/Products/1N5817+AC0-1N5819(DO+AC0-41).pdf ,https://www.digikey.com/en/products/detail/micro+AC0-commercial+AC0-co/1N5819+AC0-TP/950396 
4,J15,1,GCT,BG095+AC0-04+AC0-A+AC0-N+AC0-D,+ACI-4 Position Receptacle Connector 0.100+ACIAIg- (2.54mm) Through Hole Gold+ACI-,+ACI-1x04+AF8-P2.54mm+AF8-Vertical, female+ACI-,thru+AC0-hole,,https://gct.co/files/specs/2.54mm+AC0-socket+AC0-spec.pdf ,https://www.digikey.com/en/products/detail/gct/BG095+AC0-04+AC0-A+AC0-N+AC0-D/13901343 
5,J16,2,Samtec Inc.,TSW+AC0-110+AC0-07+AC0-L+AC0-S+AC0-LL,+ACI-Connector Header Through Hole 10 position 0.100+ACIAIg- (2.54mm)+ACI-,+ACI-1x10+AF8-P2.54mm+AF8-Vertical, male+ACI-,thru+AC0-hole,,https://mm.digikey.com/Volume0/opasdata/d220001/medias/docus/6129/tsw+AC0-xxx+AC0-xx+AC0-xxx+AC0-x+AC0-xx+AC0-xxx+AC0-mkt.pdf ,https://www.digikey.com/en/products/detail/samtec+AC0-inc/TSW+AC0-110+AC0-07+AC0-L+AC0-S+AC0-LL/7871155 
6,Q1,1,On Semi,PN2222ABU,Bipolar (BJT) Transistor NPN 40 V 1 A 300MHz 625 mW Through Hole TO+AC0-92+AC0-3,TO+AC0-92+AC0-3,thru+AC0-hole,,https://www.onsemi.com/pdf/datasheet/pn2222a+AC0-d.pdf ,https://www.digikey.com/en/products/detail/onsemi/PN2222ABU/6534 
7,+ACI-R3, R4, R6+ACI-,3,Stackpole Electronics Inc,RNF18FTD10K0,+ACI-10 kOhms 1+ACU- 0.125W, 1/8W Through Hole Resistor Axial+ACI-,+ACI-0.071+ACIAIg- Dia x 0.130+ACIAIg- L (1.80mm x 3.30mm)+ACI-,thru+AC0-hole,,https://www.seielect.com/catalog/sei+AC0-rnf+AF8-rnmf.pdf ,https://www.digikey.com/en/products/detail/stackpole+AC0-electronics+AC0-inc/RNF18FTD10K0/1682757 
8,R5,1,.Advanced Photonix,PDV+AC0-P8103,CdS Cells 520nm 16 +AH4- 33kOhms +AEA- 10 lux,+ACI-LDR, 4.9x4.2mm, pitch 2.54mm+ACI-,thru+AC0-hole,,https://www.advancedphotonix.com/wp+AC0-content/uploads/2015/07/DS+AC0-PDV+AC0-P8103.pdf ,https://www.digikey.com/en/products/detail/advanced+AC0-photonix/PDV+AC0-P8103/480610 
9,R7,1,Stackpole Electronics Inc,RNF18FTD100R,+ACI-100 Ohms 1+ACU- 0.125W, 1/8W Through Hole Resistor Axial+ACI-,+ACI-0.071+ACIAIg- Dia x 0.130+ACIAIg- L (1.80mm x 3.30mm)+ACI-,thru+AC0-hole,,https://www.seielect.com/catalog/sei+AC0-rnf+AF8-rnmf.pdf ,https://www.digikey.com/en/products/detail/stackpole+AC0-electronics+AC0-inc/RNF18FTD100R/1682751 
10,RV1,1,KYOCERA AVX,601040,+ACI-100 kOhms 0.1W, 1/10W PC Pins Through Hole Trimmer Potentiometer Carbon 1.0 Turn Top Adjustment+ACI-,+ACI-Square +AC0- 0.256+ACIAIg- x 0.256+ACIAIg- Face (6.50mm x 6.50mm)+ACI-,thru+AC0-hole,,https://isc.kyocera+AC0-avx.de/wp+AC0-content/uploads/Carbon+AF8-Preset+AF8-E+AF8-HA06+AC0-1.pdf ,https://www.digikey.com/en/products/detail/kyocera+AC0-avx/601040/10491370 
11,+ACI-SW2, SW3+ACI-,2,Same Sky (Formerly CUI Devices),TS02+AC0-66+AC0-70+AC0-BK+AC0-160+AC0-LCR+AC0-D,Tactile Switch SPST+AC0-NO Top Actuated Through Hole Actuator height 7mm,6.00mm x 6.00mm,thru+AC0-hole,,https://www.cuidevices.com/product/resource/ts02.pdf ,https://www.digikey.com/en/products/detail/same+AC0-sky+AC0-formerly+AC0-cui+AC0-devices/TS02+AC0-66+AC0-70+AC0-BK+AC0-160+AC0-LCR+AC0-D/15634243 
