﻿Designator,Quantity,Value,Footprint,Package,MPN,DNP,Mount_Type,Sim.Device,Sim.Pins,Description,Silk
BT1,1,Bat,PinHeader_1x02_P2.54mm_Vertical,,,,tht,,,,
D1,1,1N4001,D_DO-41_SOD81_P10.16mm_Horizontal,,,,tht,D,1=K 2=A,,
"J1, J2",2,Conn_I2C,PinHeader_1x04_P2.54mm_Vertical,,,,tht,,,,
"J10, J11, J12, J13, J14, J3, J4, J5, J6, J7, J8, J9",12,Conn_01x03,PinHeader_1x03_P2.54mm_Vertical,,,,tht,,,"Generic connector, single row, 01x03, script generated (kicad-library-utils/schlib/autogen/connector/)",
J17,1,Conn_01x10,PinHeader_1x10_P2.54mm_Vertical,,,,tht,,,"Generic connector, single row, 01x10, script generated (kicad-library-utils/schlib/autogen/connector/)",
"J18, J19",2,Conn_01x15,PinSocket_1x15_P2.54mm_Vertical,,,,tht,,,"Generic connector, single row, 01x15, script generated (kicad-library-utils/schlib/autogen/connector/)",
"LED-A_1, LED-A_2, LED-A_3, LED-B_1, LED-B_2, LED-B_3",6,Conn_01x05,PinSocket_1x05_P2.54mm_Vertical,,,,tht,,,"Generic connector, single row, 01x05, script generated (kicad-library-utils/schlib/autogen/connector/)",
"R1, R2",2,10k,R_Axial_DIN0207_L6.3mm_D2.5mm_P7.62mm_Horizontal,,,,tht,,,,
SW1,1,ON,SW_CuK_OS102011MA1QN1_SPDT_Angled,,,,tht,,,Single Pole Single Throw (SPST) switch,ON <-
